session_id,event_id,anomaly_reason
S_d26d910d0f,691,MIDNIGHT_BURST
S_b67b7d669c,995,48H_LONG_SESSION
S_67fe5fc76e,1125,MIDNIGHT_BURST
S_a395d4bef7,1891,MIDNIGHT_BURST
S_6505863730,2455,48H_LONG_SESSION
S_108338ad60,3411,MIDNIGHT_BURST
S_e6e7561b87,6069,48H_LONG_SESSION
S_6f69da4084,6675,MIDNIGHT_BURST
S_1de4e16604,7605,48H_LONG_SESSION
S_bf7cc96da8,7647,MIDNIGHT_BURST
S_f57b0b88dc,9293,48H_LONG_SESSION
S_8761b9e598,9755,MIDNIGHT_BURST
S_048d07ed04,10111,MIDNIGHT_BURST
S_fe457839d4,10157,48H_LONG_SESSION
S_189e206e96,11065,MIDNIGHT_BURST
S_25b57e9329,11409,48H_LONG_SESSION
S_31f3e5bc52,14427,MIDNIGHT_BURST
S_b729225f98,15541,MIDNIGHT_BURST
S_220a0fadc5,15669,48H_LONG_SESSION
S_9ad7886e26,16163,MIDNIGHT_BURST
S_6354d4b409,18345,MIDNIGHT_BURST
S_d001cde98e,18811,48H_LONG_SESSION
S_92e5259b2b,19015,MIDNIGHT_BURST
S_11748460bc,19761,MIDNIGHT_BURST
S_89eee29d30,20011,MIDNIGHT_BURST
S_91cac53440,21381,MIDNIGHT_BURST
S_6bbcebf0dd,21897,48H_LONG_SESSION
S_01974834a3,21925,MIDNIGHT_BURST
S_e007831d7a,22645,MIDNIGHT_BURST
S_a4d3adf00d,23173,48H_LONG_SESSION
S_2ebc0ac065,23789,MIDNIGHT_BURST
S_2f38fff844,25213,MIDNIGHT_BURST
S_a4779d038b,25315,48H_LONG_SESSION
S_ef9635fa8d,25437,48H_LONG_SESSION
S_5598551f76,26701,48H_LONG_SESSION
S_16a9537a14,28167,MIDNIGHT_BURST
S_9b14551f79,28785,MIDNIGHT_BURST
S_edbf7ce2e5,29483,48H_LONG_SESSION
S_c602cdc516,31497,MIDNIGHT_BURST
S_25fb6ec8ce,31933,MIDNIGHT_BURST
S_ceeebad579,34513,MIDNIGHT_BURST
S_f43f5857c7,36845,MIDNIGHT_BURST
S_ff7aef44fa,38995,48H_LONG_SESSION
S_62bb4ee217,39167,48H_LONG_SESSION
S_f95c8cf21c,39587,48H_LONG_SESSION
S_2595e0cfd1,40355,48H_LONG_SESSION
S_9f00335be0,40387,MIDNIGHT_BURST
S_6a7300f219,40873,48H_LONG_SESSION
S_2d7f139fc7,41915,48H_LONG_SESSION
S_d60886e284,42509,48H_LONG_SESSION
S_f5fecab122,43179,MIDNIGHT_BURST
S_40843dfe7c,43287,48H_LONG_SESSION
S_ef94bdde78,44527,48H_LONG_SESSION
S_d131e86b07,45311,MIDNIGHT_BURST
S_674c1e3e67,45397,MIDNIGHT_BURST
S_c0ea42d802,46259,MIDNIGHT_BURST
S_b861a9f663,46703,48H_LONG_SESSION
S_9bb2dc7a5b,49561,MIDNIGHT_BURST
S_1713278ebd,50019,MIDNIGHT_BURST
S_ae36ec1ffa,51461,MIDNIGHT_BURST
S_1c834261fe,51663,48H_LONG_SESSION
S_646226204f,52555,48H_LONG_SESSION
S_23453ad813,52705,MIDNIGHT_BURST
S_3d02e434ef,52773,MIDNIGHT_BURST
S_29b3ad1c5c,53855,48H_LONG_SESSION
S_ce11fbb58d,54371,48H_LONG_SESSION
S_7ee5bd386e,54433,MIDNIGHT_BURST
S_329204c94a,54819,MIDNIGHT_BURST
S_944bcff84e,56987,MIDNIGHT_BURST
S_32fc4814d9,59931,48H_LONG_SESSION
S_b9b78abca0,60059,48H_LONG_SESSION
S_5cbe6facfc,61009,48H_LONG_SESSION
S_6c6848a708,63199,48H_LONG_SESSION
S_2d588b3037,63427,MIDNIGHT_BURST
S_d41d2396b3,64013,48H_LONG_SESSION
S_f928285f39,64081,MIDNIGHT_BURST
S_c0942e5f07,64617,MIDNIGHT_BURST
S_94c36e9884,65061,MIDNIGHT_BURST
S_9da8d26ea9,65233,MIDNIGHT_BURST
S_4db99149b9,66253,MIDNIGHT_BURST
S_5267875788,66415,MIDNIGHT_BURST
S_7a74499cb2,66597,48H_LONG_SESSION
S_37056ef1e7,66931,MIDNIGHT_BURST
S_ea2c9bcb70,67259,48H_LONG_SESSION
S_4b300100dc,67527,MIDNIGHT_BURST
S_cc1dd04e15,69491,48H_LONG_SESSION
S_3129d0f5cc,69981,MIDNIGHT_BURST
S_bbb575f428,72269,48H_LONG_SESSION
S_1ce7069341,73359,MIDNIGHT_BURST
S_01906490b9,73583,48H_LONG_SESSION
S_15afe4aa2c,75531,48H_LONG_SESSION
S_3f1d06d99a,76391,MIDNIGHT_BURST
S_28c16f921f,76619,MIDNIGHT_BURST
S_a0ce602bcd,77089,MIDNIGHT_BURST
S_80178c2641,77417,MIDNIGHT_BURST
S_9b213cb4b7,78147,48H_LONG_SESSION
S_acea8f3834,78771,MIDNIGHT_BURST
S_2a495c1706,78913,48H_LONG_SESSION
S_70d314dee0,79557,48H_LONG_SESSION
S_20a8f654c6,80347,48H_LONG_SESSION
S_c7d88911a7,80415,48H_LONG_SESSION
S_d1d4a1fb5a,80859,MIDNIGHT_BURST
S_a48ea8ff8a,81457,48H_LONG_SESSION
S_13b351dcfe,81769,48H_LONG_SESSION
S_a8034af733,82453,MIDNIGHT_BURST
S_c8457e995b,83095,MIDNIGHT_BURST
S_dc78013333,83437,MIDNIGHT_BURST
S_04a1580a80,84811,MIDNIGHT_BURST
S_e96e739453,85083,48H_LONG_SESSION
S_66334a882a,85189,MIDNIGHT_BURST
S_9a01dcb38d,89099,48H_LONG_SESSION
S_205d70a6ac,89577,MIDNIGHT_BURST
S_06fe8723c0,93393,MIDNIGHT_BURST
S_b4da205348,93523,MIDNIGHT_BURST
S_56e5bf2b1d,93549,MIDNIGHT_BURST
S_f423797e5f,93721,MIDNIGHT_BURST
S_a5844b638a,96289,MIDNIGHT_BURST
S_9457dc0fa9,97025,MIDNIGHT_BURST
S_c5d718127d,97885,48H_LONG_SESSION
S_5566eca916,98037,MIDNIGHT_BURST
S_b80631f207,98249,48H_LONG_SESSION
S_64ce040174,99565,48H_LONG_SESSION
S_f743c2dd70,99653,MIDNIGHT_BURST
S_17aad08808,100155,48H_LONG_SESSION
S_2d0e66b139,102225,MIDNIGHT_BURST
S_fdd7eae3aa,102301,48H_LONG_SESSION
S_3b815a2ae1,103783,MIDNIGHT_BURST
S_ce78785aee,104041,48H_LONG_SESSION
S_e5c56e3ebb,104051,MIDNIGHT_BURST
S_87fac364a8,104981,MIDNIGHT_BURST
S_8fc551099a,105521,48H_LONG_SESSION
S_1338c605dc,107885,48H_LONG_SESSION
S_25b6574984,108429,MIDNIGHT_BURST
S_b5f2787386,112271,48H_LONG_SESSION
S_1fd7905269,112403,MIDNIGHT_BURST
S_ff7d760f43,113209,MIDNIGHT_BURST
S_e963854c90,115763,48H_LONG_SESSION
S_0677793fcb,116219,MIDNIGHT_BURST
S_5a6d92e7a5,117901,48H_LONG_SESSION
S_78d1122162,118045,MIDNIGHT_BURST
S_cdfb30aab7,122821,MIDNIGHT_BURST
S_c513eb937f,124099,MIDNIGHT_BURST
S_472fa553e0,124559,MIDNIGHT_BURST
S_225db18fdb,124809,MIDNIGHT_BURST
S_2b2c1c2ffa,126513,MIDNIGHT_BURST
S_6e9828d345,126655,48H_LONG_SESSION
S_f75ea0dde2,127091,MIDNIGHT_BURST
S_775316f3df,127971,48H_LONG_SESSION
S_a18306cc76,128023,48H_LONG_SESSION
S_e3587f4a51,128157,MIDNIGHT_BURST
S_601a2ff636,128907,48H_LONG_SESSION
S_50469107ed,129515,48H_LONG_SESSION
S_0319d80610,129721,MIDNIGHT_BURST
S_111b567eaf,130657,MIDNIGHT_BURST
S_e77f911b81,130791,MIDNIGHT_BURST
S_c34e0fad8b,130977,MIDNIGHT_BURST
S_f2ae9c4ff7,132103,MIDNIGHT_BURST
S_fc9a4b98a2,134973,MIDNIGHT_BURST
S_318f76a44f,135065,48H_LONG_SESSION
S_fa5511973e,135615,MIDNIGHT_BURST
S_df239d53b5,136263,48H_LONG_SESSION
S_00e8d21644,137565,MIDNIGHT_BURST
S_8c0425d053,137723,48H_LONG_SESSION
S_be14865c77,138357,MIDNIGHT_BURST
S_4d4d88a20a,138855,MIDNIGHT_BURST
S_23987a2908,139361,MIDNIGHT_BURST
S_52c2fdd707,139445,48H_LONG_SESSION
S_fabf1d5cb3,141259,MIDNIGHT_BURST
S_938efa217c,144753,48H_LONG_SESSION
S_d4d341536a,145981,48H_LONG_SESSION
S_4528c7072e,146589,48H_LONG_SESSION
S_607762f37f,147461,48H_LONG_SESSION
S_93098aed89,147663,MIDNIGHT_BURST
S_d0ea20413b,148433,MIDNIGHT_BURST
S_05a1e066c9,149333,48H_LONG_SESSION
S_5bcf0e302e,149581,48H_LONG_SESSION
S_7548b7cf55,149651,MIDNIGHT_BURST
S_389073b664,150149,MIDNIGHT_BURST
S_95f8118622,151255,48H_LONG_SESSION
S_d8c14a6fa6,151367,48H_LONG_SESSION
S_ec0c9f8c3f,152061,48H_LONG_SESSION
S_6a3f0891b9,153103,MIDNIGHT_BURST
S_03976cf894,153305,MIDNIGHT_BURST
S_2d38f22313,153595,MIDNIGHT_BURST
S_983cb31ac1,153931,MIDNIGHT_BURST
S_f79ca586d9,154677,MIDNIGHT_BURST
S_29e678882c,155093,MIDNIGHT_BURST
S_bd3958270d,156105,48H_LONG_SESSION
S_2992bee486,157259,48H_LONG_SESSION
S_dd99d756ff,157709,MIDNIGHT_BURST
S_9559178353,158431,48H_LONG_SESSION
S_85a03103f5,160759,MIDNIGHT_BURST
S_1979694b76,161245,48H_LONG_SESSION
S_3972cb11dc,162791,48H_LONG_SESSION
S_30b90ca47e,164019,48H_LONG_SESSION
S_9034454947,164623,48H_LONG_SESSION
S_2d804ebaa8,165669,48H_LONG_SESSION
S_67a2156f33,166469,48H_LONG_SESSION
S_118f2a27ec,166811,MIDNIGHT_BURST
S_c60f3d76e2,167703,48H_LONG_SESSION
S_3d7ccd3e76,168329,MIDNIGHT_BURST
S_bfb0570717,168883,48H_LONG_SESSION
S_7db13eac36,170903,MIDNIGHT_BURST
S_e0a0fe080c,170959,MIDNIGHT_BURST
S_71cffca47b,175499,48H_LONG_SESSION
S_80db8f51a4,175917,48H_LONG_SESSION
S_488cf4e134,176393,MIDNIGHT_BURST
S_f217f95965,176907,MIDNIGHT_BURST
S_389c954a5b,177667,MIDNIGHT_BURST
S_e00a5ad1ff,177981,48H_LONG_SESSION
S_7a2b199575,178395,48H_LONG_SESSION
S_99f4cd2d57,178735,MIDNIGHT_BURST
S_577c52bcde,179077,48H_LONG_SESSION
S_09f72eac21,180011,MIDNIGHT_BURST
S_4232d0a69c,180331,48H_LONG_SESSION
S_e1e2682a9f,182029,MIDNIGHT_BURST
S_1954387809,182125,48H_LONG_SESSION
S_97c6661dcd,186101,MIDNIGHT_BURST
S_3c5cd6eedf,186347,48H_LONG_SESSION
S_044aeac272,187281,MIDNIGHT_BURST
S_d74f38bb2e,187715,48H_LONG_SESSION
S_92b54e33bc,188693,MIDNIGHT_BURST
S_d2078d530c,189119,48H_LONG_SESSION
S_9dd59bfaa6,190335,MIDNIGHT_BURST
S_5ff2432798,190711,MIDNIGHT_BURST
S_49489008c9,190845,48H_LONG_SESSION
S_ffac982cf3,192287,48H_LONG_SESSION
S_82c69f0ee5,192893,MIDNIGHT_BURST
S_3a851782e5,193843,MIDNIGHT_BURST
S_a5519105c2,193931,48H_LONG_SESSION
S_29a071b83a,194195,MIDNIGHT_BURST
S_cf06ad23d1,194935,48H_LONG_SESSION
S_8fd9ceb716,195199,48H_LONG_SESSION
S_9a90d72d4e,197049,MIDNIGHT_BURST
S_f9c7bd7b22,197247,48H_LONG_SESSION
S_4813f47c01,197631,MIDNIGHT_BURST
S_662ecb36f8,198197,MIDNIGHT_BURST
S_01d3056fbc,199015,MIDNIGHT_BURST
S_9f1408ec42,200505,48H_LONG_SESSION
S_82d11f6bcf,200701,48H_LONG_SESSION
S_e91589b5f1,203131,48H_LONG_SESSION
S_69c7f108d0,203169,48H_LONG_SESSION
S_dd4ce1f3f8,203497,MIDNIGHT_BURST
S_82290eb03f,205043,MIDNIGHT_BURST
S_21c167336d,206511,MIDNIGHT_BURST
S_dd74fb1edb,207305,48H_LONG_SESSION
S_9e5d31b02a,207401,48H_LONG_SESSION
S_64f0705c87,207875,MIDNIGHT_BURST
S_7d78d58800,208555,48H_LONG_SESSION
S_5fe6edde95,208585,48H_LONG_SESSION
S_5e3c825e62,210119,48H_LONG_SESSION
S_e53288c607,210155,MIDNIGHT_BURST
S_61b3e48ad4,211125,48H_LONG_SESSION
S_fc3909d2a0,211889,MIDNIGHT_BURST
S_d07665826f,212783,48H_LONG_SESSION
S_ed29953756,213177,MIDNIGHT_BURST
S_b789bf7b4a,213181,MIDNIGHT_BURST
S_47a6700514,213857,48H_LONG_SESSION
S_ee6bf82e75,214235,MIDNIGHT_BURST
S_35aec44a39,214281,48H_LONG_SESSION
S_66cce6bad8,214959,48H_LONG_SESSION
S_a21706af89,215111,MIDNIGHT_BURST
S_34f6e1d8e5,215173,MIDNIGHT_BURST
S_a87ca10f5a,215713,MIDNIGHT_BURST
S_0e28a8ac35,215939,MIDNIGHT_BURST
S_6670e84a14,216439,48H_LONG_SESSION
S_f91ecd71c8,216613,MIDNIGHT_BURST
S_26ca6d62a1,216921,MIDNIGHT_BURST
S_4fe10142b3,217881,MIDNIGHT_BURST
S_5f4aa19252,219479,48H_LONG_SESSION
S_b71e1db616,220039,MIDNIGHT_BURST
S_658deb3737,221137,48H_LONG_SESSION
S_4435d706d4,222567,MIDNIGHT_BURST
S_2082396226,223051,48H_LONG_SESSION
S_279de7ca82,225133,MIDNIGHT_BURST
S_e6d59816f3,225401,48H_LONG_SESSION
S_c16e4e2601,225515,MIDNIGHT_BURST
S_f04296c6da,225827,48H_LONG_SESSION
S_bb874930eb,226033,48H_LONG_SESSION
S_ca7a3a95ef,226225,MIDNIGHT_BURST
S_31b989cefe,226327,MIDNIGHT_BURST
S_8509164502,227447,MIDNIGHT_BURST
S_6eaaf7fd1e,227715,MIDNIGHT_BURST
S_bef04b3e57,228415,MIDNIGHT_BURST
S_aa1a1681ce,228707,MIDNIGHT_BURST
S_be5c7bfdc0,231989,48H_LONG_SESSION
S_1a7936a5e5,232403,MIDNIGHT_BURST
S_44c8075897,232431,MIDNIGHT_BURST
S_352fefa208,232693,48H_LONG_SESSION
S_3dc998893a,234257,48H_LONG_SESSION
S_c365bc2bfa,234445,48H_LONG_SESSION
S_0d5f82eb7d,234607,48H_LONG_SESSION
S_8714a9686a,235501,48H_LONG_SESSION
S_3914f9b279,235725,48H_LONG_SESSION
S_d4842c46c2,236549,48H_LONG_SESSION
S_5715f59b86,237381,MIDNIGHT_BURST
S_e71fd8553f,237679,48H_LONG_SESSION
S_1dce8c4059,237699,48H_LONG_SESSION
S_6a8e2b2d7d,238843,MIDNIGHT_BURST
S_1d6e952b27,239125,MIDNIGHT_BURST
S_4dcf85390a,240457,48H_LONG_SESSION
S_8205b458db,241059,MIDNIGHT_BURST
S_5ef33b2119,241687,48H_LONG_SESSION
S_a65576d85e,242643,48H_LONG_SESSION
S_4f2897a301,243001,MIDNIGHT_BURST
S_7dd85651a8,244019,48H_LONG_SESSION
S_791c29f9ba,244099,48H_LONG_SESSION
S_9dd8d43208,245379,MIDNIGHT_BURST
S_77492e9109,247227,MIDNIGHT_BURST
S_455dabf88d,247271,48H_LONG_SESSION
S_70b9eab87d,247601,48H_LONG_SESSION
S_fa99590946,247641,48H_LONG_SESSION
S_2ee92b92d7,249887,MIDNIGHT_BURST
S_b3f5e4bd81,250393,MIDNIGHT_BURST
S_0bb0db7568,254017,48H_LONG_SESSION
S_75271d92fa,254803,48H_LONG_SESSION
S_df96395b79,254931,MIDNIGHT_BURST
S_f9878f410a,255709,48H_LONG_SESSION
S_0357a74cbb,256449,MIDNIGHT_BURST
S_97f88d7722,257089,MIDNIGHT_BURST
S_771d1bac0c,257907,MIDNIGHT_BURST
S_89887d5a92,257973,MIDNIGHT_BURST
S_1ec4c4efa1,258135,MIDNIGHT_BURST
S_52b1d53721,258767,MIDNIGHT_BURST
S_95543f5ede,259159,MIDNIGHT_BURST
S_10f6b6ec8d,260273,48H_LONG_SESSION
S_2e4be70c0c,260749,48H_LONG_SESSION
S_274b788530,261575,MIDNIGHT_BURST
S_91f3d76b89,262205,48H_LONG_SESSION
S_816f6aa285,263997,MIDNIGHT_BURST
S_48f24e7d04,264153,48H_LONG_SESSION
S_0c8a4ad0a5,265107,MIDNIGHT_BURST
S_413147763e,265985,48H_LONG_SESSION
S_bd766fb1a7,265993,48H_LONG_SESSION
S_9d7ef4e5a6,267745,MIDNIGHT_BURST
S_0d28fcac1e,268617,MIDNIGHT_BURST
S_0286ece414,269299,MIDNIGHT_BURST
S_f7a3a1d076,270227,48H_LONG_SESSION
S_34e69892a2,270325,MIDNIGHT_BURST
S_a2a062c0c7,270399,48H_LONG_SESSION
S_d5b3f0c9fc,272719,MIDNIGHT_BURST
S_dbd9af7941,272877,48H_LONG_SESSION
S_e4074639df,273083,MIDNIGHT_BURST
S_9107a043ca,273215,MIDNIGHT_BURST
S_681879acea,273699,48H_LONG_SESSION
S_17d2d65aa6,273807,MIDNIGHT_BURST
S_dae4b04c38,273893,48H_LONG_SESSION
S_2f9a93666a,274353,MIDNIGHT_BURST
S_42d37903d0,275961,MIDNIGHT_BURST
S_9acdd79096,277125,MIDNIGHT_BURST
S_3cb2b27212,278649,MIDNIGHT_BURST
S_f167a1affb,279741,MIDNIGHT_BURST
S_8fcfa8980a,280197,48H_LONG_SESSION
S_599f6b41f3,281963,48H_LONG_SESSION
S_5a6124db0d,284691,MIDNIGHT_BURST
S_8d00733ecb,284773,MIDNIGHT_BURST
S_8aaa06449c,285043,48H_LONG_SESSION
S_da1cec3849,285379,48H_LONG_SESSION
S_4503f1b387,285579,48H_LONG_SESSION
S_595ca6ec0b,286775,48H_LONG_SESSION
S_fd2dad4822,288649,48H_LONG_SESSION
S_157b564e24,289261,MIDNIGHT_BURST
S_18b6d7cd34,289319,48H_LONG_SESSION
S_b27e966d34,289689,MIDNIGHT_BURST
S_6b4429caa2,289745,MIDNIGHT_BURST
S_d6e4b095d2,291967,48H_LONG_SESSION
S_89d4d70811,292539,MIDNIGHT_BURST
S_558b445284,294341,48H_LONG_SESSION
S_46f2d0e3b1,295935,48H_LONG_SESSION
S_55e38401e6,296053,MIDNIGHT_BURST
S_db27384632,296455,48H_LONG_SESSION
S_29b18c0468,296899,48H_LONG_SESSION
S_e538565a36,296973,48H_LONG_SESSION
S_70137a80b3,297025,48H_LONG_SESSION
S_b552b7e152,300553,48H_LONG_SESSION
S_f4153f07d6,300591,48H_LONG_SESSION
S_eeec82d3c5,300597,MIDNIGHT_BURST
S_6bf935871a,300697,48H_LONG_SESSION
S_fd470fc115,301897,MIDNIGHT_BURST
S_c0d9e18f69,302147,48H_LONG_SESSION
S_e37005c49a,302261,48H_LONG_SESSION
S_25298c43a7,303691,48H_LONG_SESSION
S_74b63eda42,303993,MIDNIGHT_BURST
S_3246d97e5b,304359,MIDNIGHT_BURST
S_5c496a00e2,304831,48H_LONG_SESSION
S_363c27a44b,305423,48H_LONG_SESSION
S_73fb1f6e64,305851,48H_LONG_SESSION
S_1ffd50ba62,305857,MIDNIGHT_BURST
S_b96183bb10,307567,MIDNIGHT_BURST
S_9c6c7b612d,307911,48H_LONG_SESSION
S_daf401a044,308491,MIDNIGHT_BURST
S_808a10cc55,310307,48H_LONG_SESSION
S_35f7b224d4,314223,48H_LONG_SESSION
S_dabbf84a8a,314597,MIDNIGHT_BURST
S_deb8228a0d,314697,48H_LONG_SESSION
S_deb8a2e688,316945,MIDNIGHT_BURST
S_362b64b4b3,317045,MIDNIGHT_BURST
S_652107c167,317443,48H_LONG_SESSION
S_0775ab23bd,317649,48H_LONG_SESSION
S_953edd9a37,317719,MIDNIGHT_BURST
S_784d9ef1ff,320305,48H_LONG_SESSION
S_dc8db895a7,320445,48H_LONG_SESSION
S_8f90c5e096,320685,MIDNIGHT_BURST
S_1db68c172a,320751,MIDNIGHT_BURST
S_f7538e9528,321915,MIDNIGHT_BURST
S_2843b46664,322005,MIDNIGHT_BURST
S_b6a36bef57,322123,MIDNIGHT_BURST
S_b83ac6c93c,322155,48H_LONG_SESSION
S_0b8bde0e37,322731,48H_LONG_SESSION
S_2dc0345215,323323,MIDNIGHT_BURST
S_9e0ecf81ae,323801,MIDNIGHT_BURST
S_b55db484aa,323853,48H_LONG_SESSION
S_58674b6863,324231,48H_LONG_SESSION
S_2cba5c63c1,324819,MIDNIGHT_BURST
S_f43b27df7a,324877,MIDNIGHT_BURST
S_a3b955bad0,325121,48H_LONG_SESSION
S_fb3ef87fac,325329,MIDNIGHT_BURST
S_66b2084fa8,325783,48H_LONG_SESSION
S_0497467bea,325877,48H_LONG_SESSION
S_bd07308d40,325991,48H_LONG_SESSION
S_adc81f21f3,326641,MIDNIGHT_BURST
S_a84056d46f,326989,MIDNIGHT_BURST
S_0b75d18c37,329921,MIDNIGHT_BURST
S_db1641f58b,329925,48H_LONG_SESSION
S_fbe34c493d,331259,MIDNIGHT_BURST
S_21634dfa47,331935,48H_LONG_SESSION
S_f58dbdd271,333395,MIDNIGHT_BURST
S_b54f50b21b,333671,48H_LONG_SESSION
S_1fcb0e4646,334119,48H_LONG_SESSION
S_411009c67b,335733,MIDNIGHT_BURST
S_6ab7f529d0,338009,MIDNIGHT_BURST
S_e51dd16bb3,338145,48H_LONG_SESSION
S_df57a27414,338677,48H_LONG_SESSION
S_da514698da,339709,48H_LONG_SESSION
S_67dcf9df68,340051,48H_LONG_SESSION
S_595d93f031,340755,MIDNIGHT_BURST
S_bc15fc650c,341247,48H_LONG_SESSION
S_ba06c2f5af,343705,48H_LONG_SESSION
S_344db15c2e,344829,MIDNIGHT_BURST
S_3193dc6a0c,346439,MIDNIGHT_BURST
S_c904c00843,347187,MIDNIGHT_BURST
S_a89f923700,347469,MIDNIGHT_BURST
S_2e18e5638e,347527,MIDNIGHT_BURST
S_56936a05f7,348695,48H_LONG_SESSION
S_227a5da2de,350343,MIDNIGHT_BURST
S_c748b4c704,352265,48H_LONG_SESSION
S_00e2cfd204,355323,48H_LONG_SESSION
S_cc97e8c852,355359,MIDNIGHT_BURST
S_fb6335d91f,356083,48H_LONG_SESSION
S_0ae7f1ab97,356837,MIDNIGHT_BURST
S_4bedf84cdb,357361,48H_LONG_SESSION
S_52001af10d,357487,48H_LONG_SESSION
S_ae919603e7,357509,48H_LONG_SESSION
S_aa5e3571c3,357909,48H_LONG_SESSION
S_679d78de65,358711,MIDNIGHT_BURST
S_c93759734a,359179,48H_LONG_SESSION
S_1030345f33,359283,48H_LONG_SESSION
S_807297ee34,362617,MIDNIGHT_BURST
S_1de1b9c99d,362709,48H_LONG_SESSION
S_2d0a168393,363107,48H_LONG_SESSION
S_014446a584,363603,MIDNIGHT_BURST
S_0e0befdb73,363625,48H_LONG_SESSION
S_d0da97fe23,364061,MIDNIGHT_BURST
S_33da74b839,365723,48H_LONG_SESSION
S_d369b06d4b,366657,48H_LONG_SESSION
S_132b4dc50b,370439,48H_LONG_SESSION
S_718d7735d9,370677,48H_LONG_SESSION
S_2a8116aeb2,371075,MIDNIGHT_BURST
S_51ae1334a9,372571,MIDNIGHT_BURST
S_0d9eb0b47d,374111,MIDNIGHT_BURST
S_a25554aa0c,375031,48H_LONG_SESSION
S_6b5d6f66c0,375173,MIDNIGHT_BURST
S_24811b8edd,375331,48H_LONG_SESSION
S_8ee6a75ca2,377309,48H_LONG_SESSION
S_a4c7d15c58,377847,MIDNIGHT_BURST
S_91205f979c,378001,48H_LONG_SESSION
S_5561796a8a,378399,MIDNIGHT_BURST
S_5dfce5087d,378475,48H_LONG_SESSION
S_590b1831d8,378757,48H_LONG_SESSION
S_84beaacbbc,378795,MIDNIGHT_BURST
S_7d75f520ff,379467,MIDNIGHT_BURST
S_a61c0aedb3,379909,48H_LONG_SESSION
S_2516047400,381613,MIDNIGHT_BURST
S_35144bb9cb,381657,48H_LONG_SESSION
S_e6754c0a84,381661,MIDNIGHT_BURST
S_40dec3a282,382033,48H_LONG_SESSION
S_0eab27a851,382087,48H_LONG_SESSION
S_d626fc6305,382585,48H_LONG_SESSION
S_9cc0fae0b5,383019,48H_LONG_SESSION
S_190029aa6f,384031,MIDNIGHT_BURST
S_6d13cd36f2,385139,MIDNIGHT_BURST
S_b918c5b7d6,386027,MIDNIGHT_BURST
S_caf8af8e0f,387571,MIDNIGHT_BURST
S_704702d182,389387,48H_LONG_SESSION
S_22575720d7,390307,48H_LONG_SESSION
S_dda8d6e590,390383,MIDNIGHT_BURST
S_08248867f0,390797,48H_LONG_SESSION
S_eb1fba28c2,391245,48H_LONG_SESSION
S_68d309beb6,391921,MIDNIGHT_BURST
S_e56b9c8996,392161,48H_LONG_SESSION
S_8a7693550d,392425,MIDNIGHT_BURST
S_d3c9e9201b,394269,MIDNIGHT_BURST
S_188f03ece7,394641,48H_LONG_SESSION
S_b6599102f6,394787,48H_LONG_SESSION
S_b9741c0c8d,394903,MIDNIGHT_BURST
S_74467f42d3,395295,48H_LONG_SESSION
S_1339818425,395455,48H_LONG_SESSION
S_0e4395eb11,398131,MIDNIGHT_BURST
S_c775ec2b8f,398171,48H_LONG_SESSION
S_ebec6852b9,399153,MIDNIGHT_BURST
S_8ae1a3bdf8,399823,MIDNIGHT_BURST
S_d134b8981c,401269,48H_LONG_SESSION
S_7cea581e09,403211,48H_LONG_SESSION
S_c70a321921,403515,48H_LONG_SESSION
S_62d41b0e75,403569,48H_LONG_SESSION
S_08c91e5cca,403921,48H_LONG_SESSION
S_042d520c4d,405665,48H_LONG_SESSION
S_00e4e8456e,406515,MIDNIGHT_BURST
S_04235436d2,409915,MIDNIGHT_BURST
S_ef0c81ee34,410559,MIDNIGHT_BURST
S_d3694a5501,410833,MIDNIGHT_BURST
S_6438405726,411133,MIDNIGHT_BURST
S_d1b0857203,411195,48H_LONG_SESSION
S_661719e3eb,411903,48H_LONG_SESSION
S_ff16b75bec,412009,MIDNIGHT_BURST
S_bf89b94e0c,412625,48H_LONG_SESSION
S_b9d38fe657,413061,MIDNIGHT_BURST
S_186a27833a,413393,MIDNIGHT_BURST
S_1c26374b85,414237,48H_LONG_SESSION
S_c4410d8b19,414555,MIDNIGHT_BURST
S_b004f9ed5f,416941,48H_LONG_SESSION
S_ddd594b141,416983,48H_LONG_SESSION
S_a374048cdb,417045,48H_LONG_SESSION
S_4993925fda,417889,MIDNIGHT_BURST
S_c01a578246,419529,48H_LONG_SESSION
S_8c8c64ae0f,419681,48H_LONG_SESSION
S_9db8e79789,420395,48H_LONG_SESSION
S_a868ca49b7,421215,MIDNIGHT_BURST
S_3537b83119,422695,48H_LONG_SESSION
S_8854a32575,422891,MIDNIGHT_BURST
S_54d82b6473,423819,48H_LONG_SESSION
S_71d086b6af,424881,MIDNIGHT_BURST
S_f6f7a03912,425413,MIDNIGHT_BURST
S_5cfa72e5f5,428257,MIDNIGHT_BURST
S_b06bb3999d,428601,MIDNIGHT_BURST
S_9acc5bd9f5,429893,48H_LONG_SESSION
S_476e820bd6,430403,48H_LONG_SESSION
S_b46178f146,430495,48H_LONG_SESSION
S_495558e1d4,431317,MIDNIGHT_BURST
S_58b4371aa0,431991,MIDNIGHT_BURST
S_cba4a3aae5,432239,48H_LONG_SESSION
S_72000c6f38,432681,48H_LONG_SESSION
S_c910455875,435751,MIDNIGHT_BURST
S_d622fd3279,437177,48H_LONG_SESSION
S_1b2ce058c2,438979,MIDNIGHT_BURST
S_9be0dcb0b1,439201,MIDNIGHT_BURST
S_8a830f96ed,440097,48H_LONG_SESSION
S_19f7e18aad,440213,48H_LONG_SESSION
S_04d49a7560,440927,MIDNIGHT_BURST
S_6efd7616ac,442503,48H_LONG_SESSION
S_8341a94226,442797,48H_LONG_SESSION
S_b69b691a98,442985,48H_LONG_SESSION
S_44ff7be4f0,443139,48H_LONG_SESSION
S_2221f10d03,443677,MIDNIGHT_BURST
S_eae1aba075,448581,48H_LONG_SESSION
S_2d2e2fa4a1,448995,48H_LONG_SESSION
S_576df1a51d,450049,MIDNIGHT_BURST
S_57d57fa629,451879,48H_LONG_SESSION
S_a12250b1de,452141,MIDNIGHT_BURST
S_bbd6e142ac,453241,MIDNIGHT_BURST
S_0b09a35b01,453365,MIDNIGHT_BURST
S_45e10759fe,454183,48H_LONG_SESSION
S_f2e79bc7b4,454457,48H_LONG_SESSION
S_79e18764df,456125,48H_LONG_SESSION
S_a250916932,456289,MIDNIGHT_BURST
S_809781ac80,458393,MIDNIGHT_BURST
S_b8a8b7c329,458929,MIDNIGHT_BURST
S_d6788b4da0,459073,48H_LONG_SESSION
S_86f2829ab2,459909,MIDNIGHT_BURST
S_1f0b969975,459947,48H_LONG_SESSION
S_5bce6a9643,462385,MIDNIGHT_BURST
S_1a6c9c114f,464489,MIDNIGHT_BURST
S_2ea3a7c677,465067,MIDNIGHT_BURST
S_6c36441510,465489,MIDNIGHT_BURST
S_c0bd14eede,465709,48H_LONG_SESSION
S_0e25c8b655,465751,MIDNIGHT_BURST
S_f1286fa5d5,465775,MIDNIGHT_BURST
S_cc58a259e8,466021,MIDNIGHT_BURST
S_a9747fde72,466301,48H_LONG_SESSION
S_42e780c2d6,466681,48H_LONG_SESSION
S_21347a5213,467301,MIDNIGHT_BURST
S_d3dcb13f33,474713,48H_LONG_SESSION
S_7b5c756f73,474845,MIDNIGHT_BURST
S_2a653384af,477735,MIDNIGHT_BURST
S_c08e13a267,480471,48H_LONG_SESSION
S_544a2fe010,482831,48H_LONG_SESSION
S_e91f5c5ed4,484431,MIDNIGHT_BURST
S_bff96c0f27,484993,48H_LONG_SESSION
S_6c6ececb1c,486017,48H_LONG_SESSION
S_4d113c4eb4,486703,MIDNIGHT_BURST
S_6530097ce9,488771,48H_LONG_SESSION
S_6090e6cdc8,489001,48H_LONG_SESSION
S_98fc353c0a,489303,MIDNIGHT_BURST
S_0fe1f1f97d,490301,MIDNIGHT_BURST
S_2c2d271cb3,490995,MIDNIGHT_BURST
S_ec46b64a72,491939,MIDNIGHT_BURST
S_8c32704e0f,492135,MIDNIGHT_BURST
S_86dd9f9404,492385,48H_LONG_SESSION
S_1bfdcea15a,493237,48H_LONG_SESSION
S_f67a42e932,496423,MIDNIGHT_BURST
S_b7be98ba38,497799,48H_LONG_SESSION
S_b668935103,498177,48H_LONG_SESSION
S_e6644d41fd,499071,MIDNIGHT_BURST
S_ff3787145e,500301,48H_LONG_SESSION
S_02de33b3bc,501775,48H_LONG_SESSION
S_ff63a43636,503395,MIDNIGHT_BURST
S_147f8a8742,504461,MIDNIGHT_BURST
S_d0dfa1dc71,505169,MIDNIGHT_BURST
S_efe131cb30,508009,48H_LONG_SESSION
S_96513dbac2,508065,48H_LONG_SESSION
S_baa42fb6ee,508417,MIDNIGHT_BURST
S_965d963c86,509441,48H_LONG_SESSION
S_8611d65ec4,509983,MIDNIGHT_BURST
S_14ddccea5f,510223,48H_LONG_SESSION
S_f2aa77f66c,510463,MIDNIGHT_BURST
S_de8438ec51,512007,MIDNIGHT_BURST
S_e8e9a6953a,512387,MIDNIGHT_BURST
S_5987adcaa3,512413,48H_LONG_SESSION
S_0fd61a88a7,512989,MIDNIGHT_BURST
S_38c327627a,513719,MIDNIGHT_BURST
S_972daf79c0,514359,48H_LONG_SESSION
S_29ee5e9bf0,515691,48H_LONG_SESSION
S_e786f09dc0,516027,MIDNIGHT_BURST
S_406902604d,516555,48H_LONG_SESSION
S_e8071e5843,518003,48H_LONG_SESSION
S_3a8f64f0d8,520757,MIDNIGHT_BURST
S_e3491358c9,521089,48H_LONG_SESSION
S_df6e9bf1b9,521309,48H_LONG_SESSION
S_2a501b894f,521343,MIDNIGHT_BURST
S_49503108b0,523343,MIDNIGHT_BURST
S_5f9147d8b8,524991,MIDNIGHT_BURST
S_35a11bcb75,525553,MIDNIGHT_BURST
S_ee355ae771,526691,48H_LONG_SESSION
S_0538a542d8,529433,MIDNIGHT_BURST
S_ef84afe5d0,530785,48H_LONG_SESSION
S_7666f24bd0,531109,MIDNIGHT_BURST
S_8dbddf1f6d,531953,48H_LONG_SESSION
S_a0175054b4,533581,48H_LONG_SESSION
S_e9440a2771,533935,MIDNIGHT_BURST
S_5f3ac93833,534075,MIDNIGHT_BURST
S_d266094e27,534139,MIDNIGHT_BURST
S_ae1c333177,534531,48H_LONG_SESSION
S_861b71567a,535309,48H_LONG_SESSION
S_c4a83f9939,535695,MIDNIGHT_BURST
S_e5ec25f306,535725,MIDNIGHT_BURST
S_95b29f535e,535877,MIDNIGHT_BURST
S_0c309ad318,536903,MIDNIGHT_BURST
S_9eb7490a1e,539187,MIDNIGHT_BURST
S_9c91d7e93b,539795,48H_LONG_SESSION
S_136ca249f4,540533,MIDNIGHT_BURST
S_bb682d90a5,540639,48H_LONG_SESSION
S_e4dd5c7da0,541047,MIDNIGHT_BURST
S_6f22b9dd95,541575,MIDNIGHT_BURST
S_4f8e81f221,541597,MIDNIGHT_BURST
S_9ee9eb53ff,541879,MIDNIGHT_BURST
S_a96a85e42c,542053,MIDNIGHT_BURST
S_130db697ed,543069,MIDNIGHT_BURST
S_feb900a27b,543385,MIDNIGHT_BURST
S_89c747e5da,546449,MIDNIGHT_BURST
S_e6c6c734d2,546927,48H_LONG_SESSION
S_9da18dea2b,547145,48H_LONG_SESSION
S_cbc6dcaf50,547777,48H_LONG_SESSION
S_1baf32bb63,548527,MIDNIGHT_BURST
S_0610489883,549321,MIDNIGHT_BURST
S_8a85d5a865,549901,MIDNIGHT_BURST
S_287b7b3617,550041,MIDNIGHT_BURST
S_41962ab891,550103,MIDNIGHT_BURST
S_05644052a4,551127,MIDNIGHT_BURST
S_13b77097ec,552257,48H_LONG_SESSION
S_c44017140a,555725,MIDNIGHT_BURST
S_ecb704c291,555915,MIDNIGHT_BURST
S_911fe7b6d7,556243,48H_LONG_SESSION
S_ff36a12154,556505,MIDNIGHT_BURST
S_b87038cdd8,557167,48H_LONG_SESSION
S_f928881abe,557765,MIDNIGHT_BURST
S_73d80e0f05,559427,MIDNIGHT_BURST
S_0c1c521584,559611,MIDNIGHT_BURST
S_73aa99ce5d,560855,48H_LONG_SESSION
S_5400ace150,562081,48H_LONG_SESSION
S_4bf0ceaaa5,562201,MIDNIGHT_BURST
S_a9a80021c2,562851,MIDNIGHT_BURST
S_10cdaead4c,564159,48H_LONG_SESSION
S_b54fb32694,564357,MIDNIGHT_BURST
S_0bd35b1e13,566701,48H_LONG_SESSION
S_a15d3bc8c9,566773,48H_LONG_SESSION
S_61f43e91bf,567151,48H_LONG_SESSION
S_cb2a4beeea,567289,MIDNIGHT_BURST
S_065f130479,568145,MIDNIGHT_BURST
S_a1c60ead62,569267,48H_LONG_SESSION
S_1f341769da,570401,MIDNIGHT_BURST
S_149e26f9e7,571275,MIDNIGHT_BURST
S_2d306911db,571307,48H_LONG_SESSION
S_fdcefe92c8,572043,MIDNIGHT_BURST
S_ea9319841e,572679,48H_LONG_SESSION
S_1a1e638dc6,572719,48H_LONG_SESSION
S_85d8f2fe3f,573315,48H_LONG_SESSION
S_9581f86a82,573809,48H_LONG_SESSION
S_76a7d10612,574867,MIDNIGHT_BURST
S_64777caf17,575571,MIDNIGHT_BURST
S_e4e414bc21,576081,48H_LONG_SESSION
S_b4a58cc35c,577819,48H_LONG_SESSION
S_96c18fbb78,577885,48H_LONG_SESSION
S_0032db85c1,578447,48H_LONG_SESSION
S_cdbdf2de9b,580035,48H_LONG_SESSION
S_588e0b2838,580685,MIDNIGHT_BURST
S_61fc4966e5,581461,48H_LONG_SESSION
S_e675d2d19f,582495,48H_LONG_SESSION
S_7148ba9bac,585277,48H_LONG_SESSION
S_6a5f0a8a04,586699,48H_LONG_SESSION
S_11585f28b8,587085,MIDNIGHT_BURST
S_0eb501ab09,587207,MIDNIGHT_BURST
S_9188d88b9f,587383,48H_LONG_SESSION
S_b4b30c4683,587735,MIDNIGHT_BURST
S_b278e0b46a,589823,48H_LONG_SESSION
S_ca6a81c40c,589891,48H_LONG_SESSION
S_15a3dc115d,591603,48H_LONG_SESSION
S_b797ca8a66,591791,48H_LONG_SESSION
S_dcd8a1c404,591861,MIDNIGHT_BURST
S_ffaa84458e,593015,48H_LONG_SESSION
S_c94f058222,593255,48H_LONG_SESSION
S_12d875d705,593267,48H_LONG_SESSION
S_ba1bd880b4,596405,48H_LONG_SESSION
S_b5d638f02c,598583,MIDNIGHT_BURST
S_1bcee2d604,599049,48H_LONG_SESSION
S_7ca232c69b,599133,48H_LONG_SESSION
S_7114792b71,599703,MIDNIGHT_BURST
S_3d9f2422d8,600513,48H_LONG_SESSION
S_6509778a2c,601965,48H_LONG_SESSION
S_b80eb0652e,602137,MIDNIGHT_BURST
S_0a96553275,602377,48H_LONG_SESSION
S_a5e873bf7d,604083,MIDNIGHT_BURST
S_716fd84ee7,605197,48H_LONG_SESSION
S_7d0dee520a,606039,48H_LONG_SESSION
S_cf69f48da5,606709,48H_LONG_SESSION
S_fb6c083480,606851,48H_LONG_SESSION
S_ce916c20bc,608629,48H_LONG_SESSION
S_043bd939ae,609799,MIDNIGHT_BURST
S_115830d8cb,611291,48H_LONG_SESSION
S_fcb8859253,612677,48H_LONG_SESSION
S_8cb9281cb7,614383,48H_LONG_SESSION
S_20f7e8091e,614521,48H_LONG_SESSION
S_01e994d180,615721,MIDNIGHT_BURST
S_789fdba76a,616621,MIDNIGHT_BURST
S_94b75881f9,616873,MIDNIGHT_BURST
S_d5eddbec3c,617785,MIDNIGHT_BURST
S_5e4e594725,618007,MIDNIGHT_BURST
S_77aafd8110,619325,MIDNIGHT_BURST
S_51177c4607,619995,MIDNIGHT_BURST
S_774a3b1144,621177,48H_LONG_SESSION
S_0fc73f62bd,621293,MIDNIGHT_BURST
S_7906645037,621507,MIDNIGHT_BURST
S_a1475108d1,621665,48H_LONG_SESSION
S_fe3e1386e0,622501,48H_LONG_SESSION
S_4aa963508f,622781,MIDNIGHT_BURST
S_ab65697920,622853,48H_LONG_SESSION
S_55232e0b2e,622969,48H_LONG_SESSION
S_8760b975c6,623871,48H_LONG_SESSION
S_eb3ace2c61,624001,MIDNIGHT_BURST
S_2b8a78b1b4,624797,48H_LONG_SESSION
S_731c15da46,625243,48H_LONG_SESSION
S_e4ea6c41a3,625447,48H_LONG_SESSION
S_bd5b1e83dc,626247,MIDNIGHT_BURST
S_cb1bf5fa77,626433,48H_LONG_SESSION
S_d0fb0a6d1b,627275,MIDNIGHT_BURST
S_7c1b0ba054,628055,MIDNIGHT_BURST
S_d41560ef37,630071,48H_LONG_SESSION
S_aa18f698b0,630539,MIDNIGHT_BURST
S_96f13a66eb,631161,48H_LONG_SESSION
S_5bc4736483,632695,48H_LONG_SESSION
S_a9e0574ebd,633201,MIDNIGHT_BURST
S_23e61e517d,633721,MIDNIGHT_BURST
S_1bf59b8f9d,633869,MIDNIGHT_BURST
S_c266388e62,634647,MIDNIGHT_BURST
S_19c5c125ea,635239,48H_LONG_SESSION
S_3fba17210d,635675,48H_LONG_SESSION
S_0c4a2861cd,636699,48H_LONG_SESSION
S_a76d392ab1,637331,48H_LONG_SESSION
S_dac746a712,637473,MIDNIGHT_BURST
S_5b9e8ea278,637509,48H_LONG_SESSION
S_eb7be5109d,637543,48H_LONG_SESSION
S_7bf37c409c,638273,48H_LONG_SESSION
S_7e8dc5b617,639433,48H_LONG_SESSION
S_5108e22748,639559,48H_LONG_SESSION
S_d3518dfae6,640169,MIDNIGHT_BURST
S_a29ec17c45,640771,MIDNIGHT_BURST
S_b7633e1918,640919,MIDNIGHT_BURST
S_308de08656,642531,MIDNIGHT_BURST
S_e38f9083cc,643375,48H_LONG_SESSION
S_975b5d948e,643657,MIDNIGHT_BURST
S_ffb3e885ae,644251,MIDNIGHT_BURST
S_4eef17a4bc,644505,MIDNIGHT_BURST
S_fa3519e32c,644819,48H_LONG_SESSION
S_d492777d78,647315,MIDNIGHT_BURST
S_38010d2870,647431,MIDNIGHT_BURST
S_e029a406ff,648333,MIDNIGHT_BURST
S_4169bf9574,649167,48H_LONG_SESSION
S_b391b54e6c,650327,MIDNIGHT_BURST
S_d0be0a5833,650459,48H_LONG_SESSION
S_58de834c9f,651835,48H_LONG_SESSION
S_bf64774c11,652625,48H_LONG_SESSION
S_0b3b4e9c06,652777,48H_LONG_SESSION
S_79d79b4eb5,653529,48H_LONG_SESSION
S_af92737f63,654299,MIDNIGHT_BURST
S_35460facc9,654555,MIDNIGHT_BURST
S_aac55db367,654635,MIDNIGHT_BURST
S_c2a204740e,656253,48H_LONG_SESSION
S_edbe398caf,658327,48H_LONG_SESSION
S_cbeac9c29d,660945,MIDNIGHT_BURST
S_1f8f6018a5,661645,MIDNIGHT_BURST
S_8ece8799ba,662925,MIDNIGHT_BURST
S_e9249171e1,663361,48H_LONG_SESSION
S_a5a19edef6,664705,48H_LONG_SESSION
S_c3232b5f43,665247,MIDNIGHT_BURST
S_474828522e,665731,48H_LONG_SESSION
S_15ba5c5370,666055,MIDNIGHT_BURST
S_94f5a5ba03,666779,MIDNIGHT_BURST
S_0ab08a9dd1,667355,MIDNIGHT_BURST
S_124327007e,667979,48H_LONG_SESSION
S_f6d3e8a744,668717,48H_LONG_SESSION
S_8c5a4c62ad,668887,48H_LONG_SESSION
S_3218548ca2,669791,48H_LONG_SESSION
S_c1e8149f4a,669985,MIDNIGHT_BURST
S_6515447d3c,670627,48H_LONG_SESSION
S_96c1fef704,672671,MIDNIGHT_BURST
S_86787b0179,673557,48H_LONG_SESSION
S_fafe59132e,673681,MIDNIGHT_BURST
S_48954a2b6f,673765,MIDNIGHT_BURST
S_4d74904d22,674889,48H_LONG_SESSION
S_09861ffa0d,677673,48H_LONG_SESSION
S_09b9f47afd,680743,MIDNIGHT_BURST
S_5c2716d4bd,681959,48H_LONG_SESSION
S_cf0763d87e,682089,MIDNIGHT_BURST
S_b912070971,683107,MIDNIGHT_BURST
S_ded7270800,683835,48H_LONG_SESSION
S_8b976c42c7,684949,48H_LONG_SESSION
S_9778806c89,685443,48H_LONG_SESSION
S_5e25257ccc,685577,48H_LONG_SESSION
S_477fa3a522,685867,48H_LONG_SESSION
S_6d08487291,685951,48H_LONG_SESSION
S_8aa5f65e2d,687395,MIDNIGHT_BURST
S_da1bbf6847,687677,MIDNIGHT_BURST
S_8f43a59bee,688679,MIDNIGHT_BURST
S_5797a62655,689831,MIDNIGHT_BURST
S_5f5e860f6c,690791,48H_LONG_SESSION
S_82b7f1600b,691623,48H_LONG_SESSION
S_af69866654,692321,MIDNIGHT_BURST
S_b5384a276b,694767,48H_LONG_SESSION
S_b6ec64336c,696259,MIDNIGHT_BURST
S_2ca5dd6bdc,696621,48H_LONG_SESSION
S_79c8d8dc81,696643,MIDNIGHT_BURST
S_1fb1ba255c,696993,48H_LONG_SESSION
S_a6620c6c73,697153,MIDNIGHT_BURST
S_7a1fba438f,697221,48H_LONG_SESSION
S_876eeada16,697775,48H_LONG_SESSION
S_2603e6296b,698335,MIDNIGHT_BURST
S_46c27a7bf6,699439,MIDNIGHT_BURST
S_d983ffe3ed,699677,MIDNIGHT_BURST
S_5c7c193845,700161,48H_LONG_SESSION
S_b250e61e98,700819,48H_LONG_SESSION
S_51d6662bc8,701303,48H_LONG_SESSION
S_bc7e543ade,701689,MIDNIGHT_BURST
S_ad659607f7,701697,MIDNIGHT_BURST
S_297b0770fb,702535,48H_LONG_SESSION
S_133ad29b79,703333,48H_LONG_SESSION
S_14f2726a50,703555,MIDNIGHT_BURST
S_5b61fc985b,703665,MIDNIGHT_BURST
S_8054b7ddee,703765,MIDNIGHT_BURST
S_45cd54a8c8,704005,48H_LONG_SESSION
S_1d7c9e2c94,705111,48H_LONG_SESSION
S_056a535d81,705347,MIDNIGHT_BURST
S_7271e72367,705383,MIDNIGHT_BURST
S_1af7bc30de,709185,MIDNIGHT_BURST
S_96b9cd6236,709265,48H_LONG_SESSION
S_9547f5e45c,709481,MIDNIGHT_BURST
S_30e4f302f5,711479,MIDNIGHT_BURST
S_e6858e159f,713013,MIDNIGHT_BURST
S_deee81e73d,713543,MIDNIGHT_BURST
S_80d2271609,714679,MIDNIGHT_BURST
S_efbf4df3f7,715409,48H_LONG_SESSION
S_a418284470,715863,48H_LONG_SESSION
S_5500746cef,717437,MIDNIGHT_BURST
S_8501f695bd,718287,48H_LONG_SESSION
S_ce1ccb12a5,718481,MIDNIGHT_BURST
S_7d8745d2c0,718607,MIDNIGHT_BURST
S_1c817d99ba,718747,48H_LONG_SESSION
S_91c75d83c1,719037,MIDNIGHT_BURST
S_3b6258435f,719283,MIDNIGHT_BURST
S_897cf2a38c,720167,48H_LONG_SESSION
S_0951e3c1de,723783,MIDNIGHT_BURST
S_3ec8b99f34,724111,48H_LONG_SESSION
S_f6fc0fdba8,726135,48H_LONG_SESSION
S_88c4b57676,726301,48H_LONG_SESSION
S_a710339f64,727189,MIDNIGHT_BURST
S_3d50880a38,727497,48H_LONG_SESSION
S_c4e79da361,728901,48H_LONG_SESSION
S_0de12bad04,729695,48H_LONG_SESSION
S_b3d2558270,730035,MIDNIGHT_BURST
S_0dc09b7ad7,733329,MIDNIGHT_BURST
S_610c646e91,733373,48H_LONG_SESSION
S_44e18f21a9,734287,MIDNIGHT_BURST
S_91950680fc,734555,48H_LONG_SESSION
S_8fbbdf393d,734615,MIDNIGHT_BURST
S_4efb42c535,734637,48H_LONG_SESSION
S_8fe0b3d7d4,734671,48H_LONG_SESSION
S_c22df22c43,734787,MIDNIGHT_BURST
S_b60824cd5f,735153,MIDNIGHT_BURST
S_3cdfa942b2,735237,MIDNIGHT_BURST
S_f01749cea3,735667,MIDNIGHT_BURST
S_a800e0d2c4,735747,48H_LONG_SESSION
S_1db9807577,738977,48H_LONG_SESSION
S_b09e2e0e9c,739111,MIDNIGHT_BURST
S_6dc28a1621,741107,48H_LONG_SESSION
S_c585080c74,743625,48H_LONG_SESSION
S_6ec0a2d92a,743711,48H_LONG_SESSION
S_2f4fcdb1a0,744061,48H_LONG_SESSION
S_368c9ac5c9,745813,48H_LONG_SESSION
S_bb23220928,746455,MIDNIGHT_BURST
S_c89522b8fb,747341,48H_LONG_SESSION
S_97fe0457be,747991,MIDNIGHT_BURST
S_62b7812fc0,748287,48H_LONG_SESSION
S_387aac6610,748433,MIDNIGHT_BURST
S_b939a524c2,748495,MIDNIGHT_BURST
S_78c33c663a,749825,MIDNIGHT_BURST
S_69e9007b4c,749983,48H_LONG_SESSION
S_7309ebe623,750415,48H_LONG_SESSION
S_7e670463bf,750619,MIDNIGHT_BURST
S_e37ead4e27,750701,48H_LONG_SESSION
S_f6d0dc5cc0,751765,MIDNIGHT_BURST
S_2216266699,753091,48H_LONG_SESSION
S_67701b5970,753125,MIDNIGHT_BURST
S_3fab7df5a7,753895,48H_LONG_SESSION
S_d2d4d6b1b3,755125,48H_LONG_SESSION
S_fd05bc0daa,755549,48H_LONG_SESSION
S_8da828687e,757601,48H_LONG_SESSION
S_a2aac07c32,759159,MIDNIGHT_BURST
S_845bb5f8a8,759421,48H_LONG_SESSION
S_cc493ecf0a,760437,MIDNIGHT_BURST
S_9934f1896f,761237,MIDNIGHT_BURST
S_0218b7bc3d,761249,MIDNIGHT_BURST
S_7148b02987,761309,48H_LONG_SESSION
S_897288bb7b,761565,48H_LONG_SESSION
S_2607d2b3a3,763857,48H_LONG_SESSION
S_d5af04b44c,764481,48H_LONG_SESSION
S_3b0316fcc9,765421,48H_LONG_SESSION
S_dfc02f8f55,766233,MIDNIGHT_BURST
S_3ba13ca712,766521,48H_LONG_SESSION
S_f6e7c7dcd7,768103,MIDNIGHT_BURST
S_c813b03fc3,768133,MIDNIGHT_BURST
S_2142e72bdd,768181,48H_LONG_SESSION
S_06c6b7eafc,768697,MIDNIGHT_BURST
S_b75f5a6ba2,771275,MIDNIGHT_BURST
S_bf69efa9b2,771295,48H_LONG_SESSION
S_9983214e46,773741,48H_LONG_SESSION
S_e203578778,775745,48H_LONG_SESSION
S_822b22f0e1,775775,MIDNIGHT_BURST
S_f013c2a906,775943,MIDNIGHT_BURST
S_78e115d247,778733,MIDNIGHT_BURST
S_4dcc3c8ddf,778857,48H_LONG_SESSION
S_bc86d99c37,779015,48H_LONG_SESSION
S_2f903826e9,779173,MIDNIGHT_BURST
S_830007c9c2,781255,48H_LONG_SESSION
S_7c6552c379,781301,MIDNIGHT_BURST
S_febecbe44a,781369,MIDNIGHT_BURST
S_fe6a69bf4d,784617,MIDNIGHT_BURST
S_440c357432,784645,MIDNIGHT_BURST
S_a14431aac1,786153,MIDNIGHT_BURST
S_ffa22269ff,786631,48H_LONG_SESSION
S_806ca83930,786719,MIDNIGHT_BURST
S_644b2041a2,787905,48H_LONG_SESSION
S_72d956290d,787909,MIDNIGHT_BURST
S_10b52c5832,788077,48H_LONG_SESSION
S_c1f2092f54,788399,MIDNIGHT_BURST
S_62c389e14c,789203,MIDNIGHT_BURST
S_1e9372a714,789963,MIDNIGHT_BURST
S_8de8ee0c6a,790415,MIDNIGHT_BURST
S_ffb7fdd1a2,791231,48H_LONG_SESSION
S_18a1b76162,791733,MIDNIGHT_BURST
S_f1e17a3406,791983,48H_LONG_SESSION
S_02d537a190,792281,MIDNIGHT_BURST
S_3e556aa8bc,792673,48H_LONG_SESSION
S_dd57a3d256,795905,MIDNIGHT_BURST
S_188608bef6,796017,48H_LONG_SESSION
S_b8af638ad5,799361,48H_LONG_SESSION
S_30ca666a49,799687,48H_LONG_SESSION
S_df723f1361,799975,MIDNIGHT_BURST
S_c1d88b32cc,801141,48H_LONG_SESSION
S_f62e72e531,802039,MIDNIGHT_BURST
S_48f9532662,803835,48H_LONG_SESSION
S_c129131793,804179,48H_LONG_SESSION
S_4a4ff570e4,804359,48H_LONG_SESSION
S_5a5ac10200,805205,MIDNIGHT_BURST
S_ccd1e2489f,805467,48H_LONG_SESSION
S_122d14bef3,806479,48H_LONG_SESSION
S_2b7edd37c2,807999,MIDNIGHT_BURST
S_766232e440,808005,MIDNIGHT_BURST
S_236d5d69d8,808605,MIDNIGHT_BURST
S_4f532e1a01,811347,48H_LONG_SESSION
S_b539e893b3,814119,MIDNIGHT_BURST
S_70ef441533,816965,48H_LONG_SESSION
S_6784228d75,818871,MIDNIGHT_BURST
S_c5eaea4ff5,820129,MIDNIGHT_BURST
S_a3238d0a59,820339,48H_LONG_SESSION
S_fe0b6591ff,820883,48H_LONG_SESSION
S_ca92244378,823941,MIDNIGHT_BURST
S_494d71f8b7,825419,MIDNIGHT_BURST
S_7c7beceb6c,826295,MIDNIGHT_BURST
S_730c9ffacf,828173,48H_LONG_SESSION
S_b4232cc9a9,829381,MIDNIGHT_BURST
S_ae4f27958f,829481,MIDNIGHT_BURST
S_cc7bf4e118,830345,48H_LONG_SESSION
S_12799967e2,831207,MIDNIGHT_BURST
S_9b62cb0a5f,831429,48H_LONG_SESSION
S_38b4e202cf,831769,48H_LONG_SESSION
S_74750c3101,831789,48H_LONG_SESSION
S_86f07fb12b,832121,48H_LONG_SESSION
S_ee962e1587,833243,MIDNIGHT_BURST
S_628fb191ee,833505,MIDNIGHT_BURST
S_cc4dbd8d1c,835753,48H_LONG_SESSION
S_2ff3b72663,836195,48H_LONG_SESSION
S_972c9f34f3,838263,MIDNIGHT_BURST
S_3ee829e6f7,838623,48H_LONG_SESSION
S_808267dfa7,839493,48H_LONG_SESSION
S_21a383eb93,839619,MIDNIGHT_BURST
S_75f94db2d1,840663,MIDNIGHT_BURST
S_9fa670fe57,841859,MIDNIGHT_BURST
S_361f2134a9,842519,48H_LONG_SESSION
S_a29d476bbb,843901,MIDNIGHT_BURST
S_67f36d79e3,845899,48H_LONG_SESSION
S_eff96ba6d7,846491,MIDNIGHT_BURST
S_bb7f9074f1,847217,MIDNIGHT_BURST
S_9ec1e9374e,848333,MIDNIGHT_BURST
S_cdb5c9a508,854343,48H_LONG_SESSION
S_31bb75a90d,854645,48H_LONG_SESSION
S_9bb0ad1669,855969,MIDNIGHT_BURST
S_642f94afbf,857597,MIDNIGHT_BURST
S_c20bfdd07e,858881,48H_LONG_SESSION
S_38050aeeee,861679,MIDNIGHT_BURST
S_2d3d5a2a3b,862025,MIDNIGHT_BURST
S_3439226e63,862527,MIDNIGHT_BURST
S_2e905663d1,862673,MIDNIGHT_BURST
S_d3f8e8981c,864829,48H_LONG_SESSION
S_af5c3e7414,865609,MIDNIGHT_BURST
S_e41f94cdcb,866487,MIDNIGHT_BURST
S_3cf34011c6,866677,48H_LONG_SESSION
S_3f213969ef,866979,48H_LONG_SESSION
S_8202ccbd2f,867711,MIDNIGHT_BURST
S_c41202ba4e,868105,MIDNIGHT_BURST
S_6ee41f9bad,869087,MIDNIGHT_BURST
S_10b357bd90,869219,MIDNIGHT_BURST
S_41cc5899d4,869413,48H_LONG_SESSION
S_26e634653d,869941,48H_LONG_SESSION
S_0a55762729,869951,48H_LONG_SESSION
S_219d5f5eb6,871347,48H_LONG_SESSION
S_8a900f5f7e,872041,MIDNIGHT_BURST
S_ec74cd2719,873635,MIDNIGHT_BURST
S_a2adafb1b4,874665,MIDNIGHT_BURST
S_76578e79b5,875803,MIDNIGHT_BURST
S_89128b5c1d,876635,48H_LONG_SESSION
S_c30c52cc62,877361,MIDNIGHT_BURST
S_ef977120e2,878035,MIDNIGHT_BURST
S_1faa75ab26,879609,MIDNIGHT_BURST
S_797d8058b0,880325,48H_LONG_SESSION
S_84e412d45f,881313,MIDNIGHT_BURST
S_1f4187cb2b,882877,MIDNIGHT_BURST
S_e1863e15ec,884755,48H_LONG_SESSION
S_e3d383f76a,884897,48H_LONG_SESSION
S_481e2a345d,886633,MIDNIGHT_BURST
S_dfa468baaf,886793,MIDNIGHT_BURST
S_d48976ca06,887383,48H_LONG_SESSION
S_8722797473,888979,48H_LONG_SESSION
S_4ba4c0a27b,889329,MIDNIGHT_BURST
S_ba22e45b9f,889847,MIDNIGHT_BURST
S_202fbd53db,890649,48H_LONG_SESSION
S_7d6c5e56b5,892075,MIDNIGHT_BURST
S_8fe3b92e10,893533,MIDNIGHT_BURST
S_93318b36c2,893855,MIDNIGHT_BURST
S_460658948a,894635,48H_LONG_SESSION
S_e28fac7841,894707,MIDNIGHT_BURST
S_52fc6248a7,894795,MIDNIGHT_BURST
S_43d4caf4bc,895979,48H_LONG_SESSION
S_cbb9638b01,896319,MIDNIGHT_BURST
S_8b8fd20fa5,897261,48H_LONG_SESSION
S_14748b13b6,898121,MIDNIGHT_BURST
S_bc03ad27df,898283,48H_LONG_SESSION
S_0180f7bf1e,898981,MIDNIGHT_BURST
S_1d4eb92e13,899055,MIDNIGHT_BURST
S_a94073d38a,902067,MIDNIGHT_BURST
S_2a6b7d8744,902573,48H_LONG_SESSION
S_9146b5acfd,902653,48H_LONG_SESSION
S_8859e52e26,903049,48H_LONG_SESSION
S_d4247adec5,903379,48H_LONG_SESSION
S_8059a97c5a,903549,48H_LONG_SESSION
S_5be4eb9059,906145,48H_LONG_SESSION
S_0e5c12e3c5,907703,MIDNIGHT_BURST
S_43513a8f7e,909279,MIDNIGHT_BURST
S_677a9dc5f0,909571,48H_LONG_SESSION
S_3c1cc15e27,911395,MIDNIGHT_BURST
S_4261df158a,914277,MIDNIGHT_BURST
S_bf9eeff0d3,915181,MIDNIGHT_BURST
S_5b4a0ebddb,915573,48H_LONG_SESSION
S_66340032df,915677,MIDNIGHT_BURST
S_819ded5137,917169,48H_LONG_SESSION
S_30a7335eb5,918481,MIDNIGHT_BURST
S_ae8053248b,919503,48H_LONG_SESSION
S_47219ffa5e,919713,MIDNIGHT_BURST
S_13c0e8c669,919867,MIDNIGHT_BURST
S_2ec19162dd,920343,48H_LONG_SESSION
S_14b4f419fb,920943,48H_LONG_SESSION
S_2be57d9560,921291,MIDNIGHT_BURST
S_8a2f904b31,923417,48H_LONG_SESSION
S_a76f331767,923605,48H_LONG_SESSION
S_3bd13d81f2,924083,48H_LONG_SESSION
S_cb5889ce0a,924373,48H_LONG_SESSION
S_e5a5c5748f,924625,48H_LONG_SESSION
S_06de42d601,925943,48H_LONG_SESSION
S_d5b22d744d,925955,MIDNIGHT_BURST
S_0952f0ad07,926291,MIDNIGHT_BURST
S_a54ed8745b,928641,MIDNIGHT_BURST
S_5220ebec0f,928691,MIDNIGHT_BURST
S_e376696e90,930865,48H_LONG_SESSION
S_f60243c854,932371,MIDNIGHT_BURST
S_6eca848082,932875,MIDNIGHT_BURST
S_858a238233,932999,48H_LONG_SESSION
S_8c3bc8f796,933557,MIDNIGHT_BURST
S_18f08cf300,933861,MIDNIGHT_BURST
S_052ab1c5f9,934629,48H_LONG_SESSION
S_f7d84a5f37,935371,48H_LONG_SESSION
S_c751622fc6,936321,MIDNIGHT_BURST
S_4257443cca,939995,MIDNIGHT_BURST
S_baac6329ad,941195,MIDNIGHT_BURST
S_eed00f3c88,941493,48H_LONG_SESSION
S_2ba6315f23,942095,48H_LONG_SESSION
S_7cab455e9f,942505,MIDNIGHT_BURST
S_07dd75578b,942531,MIDNIGHT_BURST
S_41e9758801,942813,48H_LONG_SESSION
S_c09e469a3b,944641,MIDNIGHT_BURST
S_aac3690b30,944669,48H_LONG_SESSION
S_cbbf1339c2,945463,48H_LONG_SESSION
S_759f441337,945941,48H_LONG_SESSION
S_96452b6c7d,947653,48H_LONG_SESSION
S_ec9a1eaeaf,949197,MIDNIGHT_BURST
S_f06a757513,949735,48H_LONG_SESSION
S_38c2911e41,950077,48H_LONG_SESSION
S_9d5697fb03,950767,MIDNIGHT_BURST
S_432d592825,952807,48H_LONG_SESSION
S_a5365f4b2b,954217,MIDNIGHT_BURST
S_56e14f7738,955259,48H_LONG_SESSION
S_6fdd38e35b,955457,MIDNIGHT_BURST
S_160b67fec2,955851,MIDNIGHT_BURST
S_6e7abaa669,956453,MIDNIGHT_BURST
S_cc2665dc54,956607,MIDNIGHT_BURST
S_9d4c5d9c68,957311,MIDNIGHT_BURST
S_c77153e8a0,957469,48H_LONG_SESSION
S_9e779c24ab,957557,48H_LONG_SESSION
S_3cddcf12e4,959923,MIDNIGHT_BURST
S_25580c3277,960647,MIDNIGHT_BURST
S_1a674371b6,961289,48H_LONG_SESSION
S_2c211aaf97,961351,MIDNIGHT_BURST
S_0e47da2051,962301,MIDNIGHT_BURST
S_8f60aeabca,962711,48H_LONG_SESSION
S_fc138993c7,962907,48H_LONG_SESSION
S_6f1f9fd58e,963741,48H_LONG_SESSION
S_a453b0487c,963815,48H_LONG_SESSION
S_75d0ac4087,964465,48H_LONG_SESSION
S_e1cca44f8a,964781,48H_LONG_SESSION
S_ab4eec1671,965383,MIDNIGHT_BURST
S_ca5459f988,967415,MIDNIGHT_BURST
S_14d60d6f84,967593,48H_LONG_SESSION
S_a628f25f95,968117,MIDNIGHT_BURST
S_b18a947166,968127,48H_LONG_SESSION
S_17cadcab6d,969645,48H_LONG_SESSION
S_6c296738b7,970323,48H_LONG_SESSION
S_f02b2c8dda,971961,MIDNIGHT_BURST
S_ae4bd67710,972515,MIDNIGHT_BURST
S_d8bf4e6ec6,972613,48H_LONG_SESSION
S_3e489a27a2,977043,48H_LONG_SESSION
S_523ff0319b,977511,48H_LONG_SESSION
S_3e9f2e96da,980081,48H_LONG_SESSION
S_97d9880c8d,981103,MIDNIGHT_BURST
S_d2f7c7fe62,981995,MIDNIGHT_BURST
S_5fc86532e3,982539,48H_LONG_SESSION
S_87a6e9f599,982821,48H_LONG_SESSION
S_939fe30630,983303,48H_LONG_SESSION
S_ac2751290d,984439,48H_LONG_SESSION
S_88c6a87ab9,985301,48H_LONG_SESSION
S_97dd81715f,987175,48H_LONG_SESSION
S_16663291de,988083,48H_LONG_SESSION
S_b5149342c2,990977,MIDNIGHT_BURST
S_393abeafc6,991089,MIDNIGHT_BURST
S_bc6174d6e2,992575,48H_LONG_SESSION
S_d4f8232d63,992819,48H_LONG_SESSION
S_f18cb48974,994771,48H_LONG_SESSION
S_684089cbc1,995241,48H_LONG_SESSION
S_173956172f,995379,48H_LONG_SESSION
S_ceba861fb2,995811,MIDNIGHT_BURST
S_6bec08131d,996041,48H_LONG_SESSION
S_129abff407,997229,48H_LONG_SESSION
S_21b591384d,998351,48H_LONG_SESSION
S_cb1ed1c228,998575,48H_LONG_SESSION
S_baf45df150,998593,48H_LONG_SESSION
S_e60bedb190,999217,48H_LONG_SESSION
S_88f98b6bdd,999447,48H_LONG_SESSION
S_0177a865c5,999627,48H_LONG_SESSION
S_f6b88ff06a,999789,MIDNIGHT_BURST
